timestamp;ui32ArduinoTimestamp;f32Value
40912;1139626976;400.0000
69783;1139689376;-1.0000
89785;1139694156;400.0000
119879;1139735296;201.0000
144859;1139790100;-1.0000
164883;1139794892;400.0000
194810;1139857296;-1.0000
214809;1139862048;400.0000
244902;1139924492;-1.0000
264824;1139929252;400.0000
294714;1139991668;-1.0000
314831;1139996376;400.0000
344801;1140058860;-1.0000
364713;1140063620;400.0000
394766;1140126060;-1.0000
414857;1140130768;400.0000
444947;1140193264;-1.0000
464916;1140198012;400.0000
494909;1140260460;-1.0000
515246;1140265244;400.0000
544877;1140327636;-1.0000
564858;1140332344;400.0000
594760;1140394808;-1.0000
614936;1140399544;400.0000
644924;1140462004;-1.0000
664942;1140466740;400.0000
694929;1140529212;-1.0000
714821;1140534084;400.0000
744877;1140596408;-1.0000
764867;1140601156;400.0000
794896;1140663592;-1.0000
814897;1140668324;400.0000
844869;1140730760;-1.0000
869927;1140764428;-1.0000
889828;1140769140;400.0000
919814;1140831600;-1.0000
939858;1140836360;400.0000
969789;1140898768;-1.0000
989703;1140903528;400.0000
1019748;1140965972;-1.0000
1039875;1140970684;400.0000
1069896;1141033168;-1.0000
1089913;1141037972;400.0000
1119878;1141100368;-1.0000
1139897;1141105096;400.0000
1169867;1141146264;201.0000
1194875;1141201092;-1.0000
1214899;1141205884;400.0000
1244805;1141268284;-1.0000
1264819;1141273036;400.0000
1309887;1141335480;-1.0000
1329852;1141340264;400.0000
1374870;1141402656;-1.0000
1394910;1141407524;400.0000
1439840;1141469828;-1.0000
1464942;1141474724;400.0000
1509857;1141537024;-1.0000
1529846;1141541756;400.0000
1574895;1141604220;-1.0000
1594889;1141609116;400.0000
1644769;1141671424;-1.0000
1659787;1141676188;400.0000
1709867;1141738600;-1.0000
1729802;1141743332;400.0000
1774857;1141805772;-1.0000
1799862;1141810624;400.0000
1844906;1141872972;-1.0000
1864831;1141877724;400.0000
1909890;1141940176;-1.0000
1924871;1141944884;400.0000
1979901;1142007376;-1.0000
1999855;1142012228;400.0000
2044776;1142074572;-1.0000
2065065;1142079328;400.0000
2109831;1142141740;-1.0000
2134913;1142146456;400.0000
2179818;1142208916;-1.0000
2199803;1142213604;400.0000
2244876;1142276124;-1.0000
2264893;1142280916;400.0000
2314837;1142343316;-1.0000
2334836;1142348076;400.0000
2379966;1142410512;-1.0000
2399897;1142415244;400.0000
2449793;1142477680;-1.0000
2469993;1142482508;400.0000
2514789;1142544876;-1.0000
2535128;1142549592;400.0000
2579907;1142612068;-1.0000
2599768;1142616744;400.0000
2649892;1142679256;-1.0000
2669892;1142684040;400.0000
2714890;1142746448;-1.0000
2734713;1142751348;400.0000
2784838;1142813616;-1.0000
2804870;1142818384;400.0000
2854871;1142880800;-1.0000
2875045;1142885560;400.0000
2914822;1142947996;-1.0000
2934727;1142952840;400.0000
2989857;1143015196;-1.0000
3009932;1143019880;400.0000
3054849;1143082392;-1.0000
3074899;1143087152;400.0000
3124775;1143149592;-1.0000
3144891;1143154344;400.0000
3189765;1143216760;-1.0000
3209859;1143221472;400.0000
3254819;1143283956;-1.0000
3274950;1143288688;400.0000
3324862;1143351156;-1.0000
3344830;1143356044;400.0000
3390060;1143418356;-1.0000
3409939;1143423068;400.0000
3459793;1143485552;-1.0000
3479752;1143490372;400.0000
3524747;1143552720;-1.0000
3544914;1143557480;400.0000
3589890;1143619904;-1.0000
3614872;1143624800;400.0000
3659853;1143687104;-1.0000
3679757;1143691876;400.0000
3724755;1143754300;-1.0000
3744814;1143759028;400.0000
3794920;1143821496;-1.0000
3814902;1143826228;400.0000
3859805;1143888688;-1.0000
3879765;1143893404;400.0000
3924830;1143955864;-1.0000
3944798;1143960644;400.0000
3994915;1144023068;-1.0000
4014900;1144027792;400.0000
4059970;1144090260;-1.0000
4079757;1144094992;400.0000
4124744;1144157460;-1.0000
4150008;1144162212;400.0000
4194852;1144224628;-1.0000
4214897;1144229388;400.0000
4260150;1144291828;-1.0000
4279811;1144296520;400.0000
4329834;1144359024;-1.0000
4349896;1144363732;400.0000
4399876;1144426228;-1.0000
4419887;1144430956;400.0000
4459782;1144493424;-1.0000
4484761;1144498184;400.0000
4534925;1144560592;-1.0000
4555021;1144565532;400.0000
4599891;1144627800;-1.0000
4619753;1144632716;400.0000
4669957;1144694996;-1.0000
4689920;1144699704;400.0000
4729763;1144762196;-1.0000
4749832;1144766968;400.0000
4799830;1144829392;-1.0000
4819841;1144834152;400.0000
4864908;1144896592;-1.0000
4884893;1144901416;400.0000
4934693;1144963808;-1.0000
4969819;1144997476;-1.0000
4989951;1145002168;400.0000
5034835;1145064652;-1.0000
5054922;1145069360;400.0000
5104905;1145131820;-1.0000
5124752;1145136648;400.0000
5169916;1145199016;-1.0000
5190027;1145203888;400.0000
5234890;1145266220;-1.0000
5254862;1145270920;400.0000
5304875;1145333436;-1.0000
5324767;1145338128;400.0000
5369903;1145400612;-1.0000
5390001;1145405436;400.0000
5434869;1145467784;-1.0000
5460019;1145472564;400.0000
5504862;1145534980;-1.0000
5539826;1145568648;-1.0000
5559969;1145573388;400.0000
5609814;1145635828;-1.0000
5629927;1145640568;400.0000
5675023;1145703060;-1.0000
5694911;1145707788;400.0000
5744910;1145770256;-1.0000
5764723;1145775336;400.0000
5809810;1145837472;-1.0000
5829871;1145842256;400.0000
5874908;1145904648;-1.0000
5894894;1145909496;400.0000
5944824;1145971820;-1.0000
5964714;1145976712;400.0000
6009947;1146039012;-1.0000
6034916;1146043796;400.0000
6079711;1146106216;-1.0000
6099793;1146110944;400.0000
6144862;1146173412;-1.0000
6164770;1146178196;400.0000
6214898;1146240588;-1.0000
6234715;1146245416;400.0000
6279810;1146307760;-1.0000
6299896;1146312452;400.0000
6344817;1146374956;-1.0000
6370043;1146379692;400.0000
6414895;1146442164;-1.0000
6435020;1146447008;400.0000
6479816;1146509344;-1.0000
6499753;1146514100;400.0000
6539835;1146555328;203.0000
6584907;1146610076;-1.0000
6604862;1146614828;400.0000
6649780;1146677252;-1.0000
6669810;1146681976;400.0000
6719879;1146744468;-1.0000
6739888;1146749180;400.0000
6785003;1146811640;-1.0000
6799907;1146816448;400.0000
6849762;1146878836;-1.0000
6874863;1146883664;400.0000
6919798;1146946044;-1.0000
6939906;1146950884;400.0000
6984990;1147013240;-1.0000
7004887;1147018064;400.0000
7054853;1147080436;-1.0000
7074823;1147085196;400.0000
7114759;1147147632;-1.0000
7139859;1147152296;400.0000
7184978;1147214804;-1.0000
7204869;1147219500;400.0000
7249833;1147282036;-1.0000
7269932;1147286788;400.0000
7319851;1147349232;-1.0000
7339885;1147353932;400.0000
7384884;1147416424;-1.0000
7404823;1147421184;400.0000
7454881;1147483600;-1.0000
7475006;1147488336;400.0000
7519949;1147550772;-1.0000
7539970;1147555480;400.0000
7590026;1147617976;-1.0000
7609895;1147622688;400.0000
7654961;1147685180;-1.0000
7674963;1147689880;400.0000
7719980;1147752372;-1.0000
7744800;1147757132;400.0000
7789748;1147819568;-1.0000
7809761;1147824328;400.0000
7854836;1147886744;-1.0000
7874817;1147891476;400.0000
7924893;1147953960;-1.0000
7944806;1147958696;400.0000
7989878;1148021164;-1.0000
8009763;1148026040;400.0000
8059910;1148088364;-1.0000
8079930;1148093140;400.0000
8124872;1148155560;-1.0000
8144809;1148160388;400.0000
8189839;1148222736;-1.0000
8204965;1148227424;400.0000
8264950;1148289928;-1.0000
8284861;1148294648;400.0000
8329800;1148357140;-1.0000
8349855;1148361912;400.0000
8399898;1148424344;-1.0000
8419901;1148429144;400.0000
8464872;1148491536;-1.0000
8479872;1148496368;400.0000
8529828;1148558712;-1.0000
8554916;1148563584;400.0000
8599807;1148625888;-1.0000
8619797;1148630672;400.0000
8664902;1148693096;-1.0000
8684917;1148697868;400.0000
8734902;1148760296;-1.0000
8754941;1148765216;400.0000
8790039;1148804060;164.0000
8819792;1148839596;199.0000
8864740;1148894564;-1.0000
8884758;1148899296;400.0000
8924728;1148940488;202.0000
8955071;1148971352;156.0000
8990038;1149004848;155.0000
9019868;1149038396;156.0000
9069752;1149095856;-1.0000
9089796;1149100592;400.0000
9134896;1149163060;-1.0000
9154968;1149167880;400.0000
9189835;1149206128;152.0000
9219821;1149239332;147.0000
9259937;1149272684;144.0000
9289884;1149305932;139.0000
9334760;1149364376;-1.0000
9354898;1149369220;400.0000
9394979;1149406104;129.0000
9424888;1149439712;130.0000
9459982;1149472896;125.0000
9489932;1149506632;128.0000
9524783;1149540044;126.0000
9554722;1149573380;123.0000
9604893;1149632776;-1.0000
9624836;1149637484;400.0000
9659884;1149678696;201.0000
9694797;1149712244;201.0000
9724887;1149742932;152.0000
9774884;1149800592;-1.0000
9789932;1149805328;400.0000
9839832;1149867760;-1.0000
9854862;1149872480;400.0000
9909874;1149934956;-1.0000
9929747;1149939644;400.0000
9974846;1150002156;-1.0000
9994910;1150006976;400.0000
10029771;1150044828;146.0000
10074852;1150102876;-1.0000
10089900;1150107632;400.0000
10119862;1150141344;73.0000
10154920;1150174752;71.0000
10184827;1150208168;69.0000
10224818;1150241592;67.0000
10254922;1150275052;66.0000
10290014;1150308436;64.0000
10319871;1150341884;62.0000
10354881;1150375300;60.0000
10389898;1150408776;59.0000
10425172;1150442208;57.0000
10454835;1150475684;56.0000
10484786;1150509096;54.0000
10519893;1150542684;53.0000
10555008;1150575976;51.0000
10584879;1150609440;49.0000
10619854;1150642872;48.0000
10649787;1150676308;46.0000
10684752;1150709784;45.0000
10720050;1150743216;43.0000
10754968;1150776692;42.0000
10784900;1150810128;41.0000
10819876;1150843576;40.0000
10849694;1150877060;39.0000
10889871;1150910512;38.0000
10919817;1150943980;36.0000
10954919;1150977468;36.0000
10984835;1151010900;34.0000
11019793;1151044400;34.0000
11054729;1151077828;32.0000
11089978;1151111292;31.0000
11119861;1151144764;30.0000
11155005;1151178228;29.0000
11184904;1151211704;28.0000
11224788;1151245184;27.0000
11254859;1151278688;27.0000
11289804;1151312152;26.0000
11319891;1151345672;26.0000
11354955;1151379148;25.0000
11390005;1151412624;24.0000
11424780;1151446108;23.0000
11454734;1151479600;22.0000
11489725;1151513104;22.0000
11519792;1151546580;21.0000
11560199;1151580080;20.0000
11590008;1151613564;20.0000
11624756;1151647096;19.0000
11654844;1151680592;19.0000
11695029;1151714072;18.0000
11724860;1151747616;18.0000
11754894;1151781172;17.0000
11789759;1151814692;17.0000
11824812;1151848216;16.0000
11859929;1151881736;16.0000
11889883;1151915288;16.0000
11924878;1151948808;15.0000
11949833;1151982168;15.0000
11989926;1152015664;15.0000
12019865;1152049216;15.0000
12054949;1152082732;15.0000
12084939;1152116264;15.0000
12119907;1152149784;15.0000
12159874;1152183524;15.0000
12195010;1152217048;16.0000
12229871;1152250568;16.0000
12259929;1152284104;16.0000
12294875;1152317644;16.0000
12324784;1152351168;17.0000
12364784;1152384688;17.0000
12394983;1152418264;18.0000
12429904;1152451788;19.0000
12459853;1152485356;19.0000
12499945;1152518924;20.0000
12529738;1152552524;21.0000
12564952;1152586100;22.0000
12595865;1152619676;23.0000
12629832;1152653268;24.0000
12659829;1152686880;25.0000
12699886;1152720456;26.0000
12729860;1152754060;27.0000
12764769;1152787672;28.0000
12794768;1152821296;30.0000
12829820;1152854856;31.0000
12864941;1152888480;32.0000
12899906;1152922076;34.0000
12929717;1152955688;35.0000
12964845;1152989308;37.0000
12999930;1153022936;38.0000
13034701;1153056580;40.0000
13064952;1153090180;42.0000
13099898;1153123812;43.0000
13129875;1153157432;45.0000
13169774;1153191124;48.0000
13199878;1153224780;50.0000
13234825;1153258328;50.0000
13264826;1153291960;52.0000
13299914;1153325596;54.0000
13339867;1153359352;56.0000
13379759;1153393092;58.0000
13409873;1153426636;60.0000
13444836;1153460236;63.0000
13474876;1153493908;65.0000
13514874;1153527552;67.0000
13539833;1153561224;69.0000
13574822;1153594948;73.0000
13614768;1153631652;128.0000
13639905;1153662588;83.0000
13684881;1153698700;127.0000
13714892;1153729500;81.0000
13744807;1153763188;83.0000
13784808;1153798076;106.0000
13814816;1153830032;79.0000
13854881;1153867004;138.0000
13884883;1153901196;149.0000
13919805;1153937524;198.0000
13949810;1153969156;165.0000
13999852;1154026064;-1.0000
14019859;1154030816;400.0000
14054867;1154066516;107.0000
14099920;1154126776;-1.0000
14120227;1154131580;400.0000
14149980;1154166040;86.0000
14199877;1154227504;-1.0000
14219790;1154232212;400.0000
14254782;1154267948;107.0000
14289901;1154303244;138.0000
14334889;1154361744;-1.0000
14354881;1154366528;400.0000
14389806;1154402268;108.0000
14419721;1154435720;107.0000
14459892;1154469320;108.0000
14489871;1154502816;107.0000
14524885;1154536384;108.0000
14554780;1154572092;145.0000
14589930;1154604620;128.0000
14624938;1154638224;130.0000
14654788;1154668760;78.0000
14684885;1154702172;76.0000
14724873;1154738056;117.0000
14749848;1154769020;72.0000
14790002;1154802308;68.0000
14819881;1154835760;67.0000
14854834;1154869056;63.0000
14884844;1154902464;60.0000
14914686;1154935820;57.0000
14949850;1154969300;56.0000
14984842;1155002828;54.0000
15009883;1155036080;51.0000
15044815;1155069464;49.0000
15074815;1155102960;48.0000
15114753;1155136328;45.0000
15144819;1155169736;44.0000
15179849;1155203172;42.0000
15209890;1155236576;40.0000
15244836;1155270036;38.0000
15279758;1155303468;37.0000
15314886;1155336892;35.0000
15344822;1155370372;34.0000
15379789;1155403848;33.0000
15414897;1155437304;32.0000
15449730;1155470736;30.0000
15479843;1155504224;29.0000
15509843;1155537760;29.0000
15544931;1155571204;28.0000
15584970;1155604680;27.0000
15614775;1155638168;26.0000
15644791;1155671668;25.0000
15679892;1155705152;24.0000
15714910;1155738620;24.0000
15749959;1155772104;23.0000
15779757;1155805600;22.0000
15814737;1155839128;22.0000
15844795;1155872596;21.0000
15884820;1155906128;21.0000
15919800;1155939624;20.0000
15949982;1155973132;20.0000
15984904;1156006644;19.0000
16019866;1156040176;19.0000
16049782;1156073740;20.0000
16084727;1156107220;19.0000
16114835;1156140760;19.0000
16149807;1156174292;19.0000
16179725;1156207836;20.0000
16219869;1156241380;20.0000
16249773;1156274924;20.0000
16284803;1156308476;20.0000
16319874;1156342052;21.0000
16349911;1156375596;21.0000
16390018;1156409144;22.0000
16419857;1156442712;22.0000
16454881;1156476288;23.0000
16484917;1156509876;24.0000
16514865;1156543444;24.0000
16554911;1156577044;25.0000
16589971;1156610608;26.0000
16619794;1156644172;27.0000
16654928;1156677744;28.0000
16689862;1156711336;29.0000
16719879;1156744928;30.0000
16754823;1156778528;31.0000
16789847;1156812100;32.0000
16819756;1156845712;33.0000
16854873;1156879304;35.0000
16889889;1156912920;36.0000
16924808;1156946524;37.0000
16954807;1156980168;39.0000
16989898;1157013784;41.0000
17024794;1157047356;42.0000
17059940;1157081020;44.0000
17089850;1157114700;46.0000
17124902;1157148252;47.0000
17154967;1157181884;48.0000
17194856;1157215508;50.0000
17224770;1157249128;52.0000
17259933;1157282780;53.0000
17294850;1157316512;54.0000
17329804;1157349996;55.0000
17364767;1157383588;57.0000
17404886;1157417356;59.0000
17434777;1157450852;60.0000
17469957;1157484396;61.0000
17499988;1157518040;63.0000
17539828;1157551652;64.0000
17569990;1157585252;66.0000
17605084;1157618872;67.0000
17634917;1157652492;69.0000
17674977;1157686064;69.0000
17704879;1157719696;71.0000
17739798;1157753340;73.0000
17769875;1157786916;74.0000
17804883;1157820576;76.0000
17839881;1157854212;78.0000
17869882;1157887720;78.0000
17904972;1157921348;79.0000
17934883;1157954992;81.0000
17974914;1157988604;83.0000
18004869;1158022248;84.0000
18039854;1158056100;90.0000
18069797;1158089740;92.0000
18104829;1158123260;91.0000
18139765;1158156864;93.0000
18179866;1158190628;96.0000
18209958;1158224156;95.0000
18249815;1158257748;97.0000
18279796;1158291316;98.0000
18314929;1158324904;99.0000
18344824;1158358508;101.0000
18379759;1158392152;103.0000
18414934;1158425836;106.0000
18449917;1158459436;107.0000
18479814;1158493052;108.0000
18514768;1158526684;110.0000
18544844;1158560236;110.0000
18584999;1158593940;114.0000
18614908;1158627572;115.0000
18649921;1158661260;118.0000
18679781;1158695000;121.0000
18719806;1158728584;122.0000
18750003;1158762248;124.0000
18779863;1158795860;126.0000
18819874;1158829548;128.0000
18849976;1158863172;130.0000
18884857;1158896804;132.0000
18914942;1158930496;135.0000
18949827;1158964084;136.0000
18979775;1158997832;140.0000
19019860;1159031408;140.0000
19049790;1159065008;142.0000
19084810;1159098712;144.0000
19114888;1159132424;147.0000
19149732;1159166248;153.0000
19184799;1159199720;151.0000
19219879;1159235332;187.0000
19249778;1159269736;202.0000
19284781;1159300640;157.0000
19314786;1159334332;159.0000
19354913;1159369132;182.0000
19384863;1159402008;170.0000
19429763;1159458628;-1.0000
19449832;1159463424;400.0000
19484893;1159504544;202.0000
19519895;1159536632;177.0000
19564804;1159592872;-1.0000
19584819;1159597680;400.0000
19629865;1159660068;-1.0000
19649804;1159664752;400.0000
19699866;1159727268;-1.0000
19719916;1159732044;400.0000
19754969;1159773092;200.0000
19799954;1159827992;-1.0000
19819768;1159832700;400.0000
19854892;1159874004;203.0000
19899921;1159928728;-1.0000
19919898;1159933468;400.0000
19954949;1159976940;241.0000
19989948;1160010424;240.0000
20036290;1160062988;-1.0000
20049878;1160067760;400.0000
20089871;1160110840;235.0000
20134809;1160163700;-1.0000
20154834;1160168436;400.0000
20204886;1160230892;-1.0000
20219905;1160235632;400.0000
20269840;1160298096;-1.0000
20284860;1160302976;400.0000
20339759;1160365292;-1.0000
20354931;1160370032;400.0000
20404862;1160432488;-1.0000
20419870;1160437228;400.0000
20469733;1160499664;-1.0000
20484910;1160504520;400.0000
20539767;1160566860;-1.0000
20559788;1160571704;400.0000
20604902;1160634068;-1.0000
20624867;1160638936;400.0000
20674700;1160701268;-1.0000
20694923;1160705976;400.0000
20739757;1160768460;-1.0000
20759852;1160773200;400.0000
20804878;1160835640;-1.0000
20829874;1160840468;400.0000
20874878;1160902816;-1.0000
20889882;1160907528;400.0000
20939857;1160970020;-1.0000
20954829;1160974752;400.0000
21009915;1161037220;-1.0000
21044761;1161070880;-1.0000
21059849;1161075612;400.0000
21109901;1161138084;-1.0000
21129872;1161142788;400.0000
21179886;1161205280;-1.0000
21194946;1161210088;400.0000
21244858;1161272476;-1.0000
21264935;1161277324;400.0000
21314983;1161339644;-1.0000
21334889;1161344360;400.0000
21379752;1161406848;-1.0000
21399849;1161411628;400.0000
21444810;1161474052;-1.0000
21464761;1161478752;400.0000
21515031;1161541244;-1.0000
21534896;1161546052;400.0000
21579763;1161608444;-1.0000
21599841;1161613220;400.0000
21649877;1161675644;-1.0000
21669963;1161680516;400.0000
21714941;1161742840;-1.0000
21734913;1161747576;400.0000
21779712;1161810048;-1.0000
21799781;1161814748;400.0000
21849852;1161877240;-1.0000
21870032;1161882024;400.0000
21914964;1161944440;-1.0000
21934899;1161949200;400.0000
21984808;1162011632;-1.0000
22004860;1162016392;400.0000
22049703;1162078808;-1.0000
22069909;1162083612;400.0000
22114981;1162145996;-1.0000
22139789;1162150692;400.0000
22184723;1162213164;-1.0000
22204718;1162217896;400.0000
22249857;1162280368;-1.0000
22269816;1162285132;400.0000
22310049;1162326360;203.0000
22354950;1162381072;-1.0000
22374805;1162385800;400.0000
22419797;1162448272;-1.0000
22434737;1162453124;400.0000
22489865;1162515468;-1.0000
22504877;1162520248;400.0000
22554845;1162582660;-1.0000
22574874;1162587396;400.0000
22619892;1162649868;-1.0000
22639793;1162654644;400.0000
22689735;1162717068;-1.0000
22704854;1162721800;400.0000
22754955;1162784264;-1.0000
22769734;1162789072;400.0000
22814941;1162830208;202.0000
22859786;1162884984;-1.0000
22874795;1162889692;400.0000
22910008;1162930940;202.0000
22954884;1162985700;-1.0000
22969770;1162990416;400.0000
23024855;1163052896;-1.0000
23044786;1163057772;400.0000
23089712;1163120104;-1.0000
23109972;1163124832;400.0000
23159866;1163187300;-1.0000
23179733;1163192076;400.0000
23214902;1163233236;202.0000
23259853;1163288044;-1.0000
23279799;1163292844;400.0000
23329799;1163355244;-1.0000
23349910;1163360064;400.0000
23384898;1163401180;202.0000
23424823;1163455988;-1.0000
23444861;1163460740;400.0000
23494865;1163523184;-1.0000
23515004;1163528036;400.0000
23559853;1163590380;-1.0000
23579806;1163595140;400.0000
23624880;1163657568;-1.0000
23649903;1163662320;400.0000
23694945;1163724736;-1.0000
23715013;1163729500;400.0000
23760068;1163791948;-1.0000
23774828;1163796864;400.0000
23834903;1163859144;-1.0000
23854855;1163863936;400.0000
23899890;1163926336;-1.0000
23914929;1163931104;400.0000
23969902;1163993536;-1.0000
23989890;1163998412;400.0000
24034815;1164060712;-1.0000
24054803;1164065464;400.0000
24099832;1164127924;-1.0000
24124896;1164132640;400.0000
24169818;1164195132;-1.0000
24189993;1164199920;400.0000
24234803;1164262344;-1.0000
24254783;1164267172;400.0000
24305038;1164329564;-1.0000
24324896;1164334300;400.0000
24369908;1164396736;-1.0000
24389991;1164401444;400.0000
24436894;1164463928;-1.0000
24459872;1164468620;400.0000
24504951;1164531136;-1.0000
24524839;1164535932;400.0000
24574919;1164598336;-1.0000
24595013;1164603204;400.0000
24639887;1164665516;-1.0000
24659735;1164670252;400.0000
24704879;1164732688;-1.0000
24729762;1164737420;400.0000
24774930;1164799884;-1.0000
24795038;1164804712;400.0000
24839859;1164867096;-1.0000
24859826;1164871824;400.0000
24909928;1164934292;-1.0000
24929873;1164939004;400.0000
24974808;1165001508;-1.0000
24994907;1165006200;400.0000
25039959;1165068688;-1.0000
25059867;1165073448;400.0000
25109875;1165135864;-1.0000
25129746;1165140668;400.0000
25174879;1165203068;-1.0000
25195031;1165207820;400.0000
25239906;1165270248;-1.0000
25264959;1165274956;400.0000
25309858;1165337460;-1.0000
25329867;1165342220;400.0000
25374816;1165404640;-1.0000
25394814;1165409376;400.0000
25444838;1165471836;-1.0000
25464848;1165476616;400.0000
25499903;1165517732;201.0000
25544775;1165572564;-1.0000
25564745;1165577344;400.0000
25614973;1165639748;-1.0000
25634883;1165644508;400.0000
25664893;1165685624;201.0000
25709884;1165740476;-1.0000
25734994;1165745236;400.0000
25779820;1165807656;-1.0000
25799877;1165812340;400.0000
25844876;1165874848;-1.0000
25864841;1165879560;400.0000
25914955;1165942056;-1.0000
25934911;1165946800;400.0000
25979734;1166009248;-1.0000
25999834;1166014008;400.0000
26044818;1166076444;-1.0000
26069962;1166081160;400.0000
26115078;1166143620;-1.0000
26134894;1166148328;400.0000
26179858;1166210812;-1.0000
26199835;1166215572;400.0000
26249851;1166278020;-1.0000
26269922;1166282940;400.0000
26314984;1166345192;-1.0000
26334877;1166350000;400.0000
26379879;1166412396;-1.0000
26404836;1166417156;400.0000
26454806;1166479568;-1.0000
26474937;1166484344;400.0000
26515013;1166546740;-1.0000
26534903;1166551432;400.0000
26589961;1166613948;-1.0000
26609752;1166618676;400.0000
26654904;1166681132;-1.0000
26675383;1166686068;400.0000
26719925;1166748348;-1.0000
26744798;1166753016;400.0000
26789823;1166815524;-1.0000
26809740;1166820208;400.0000
26839782;1166861556;204.0000
26889821;1166916244;-1.0000
26909911;1166921252;400.0000
26944869;1166962208;202.0000
26989956;1167016968;-1.0000
27010013;1167021672;400.0000
27059795;1167084164;-1.0000
27079747;1167088912;400.0000
27124724;1167151360;-1.0000
27144810;1167156072;400.0000
27189751;1167218532;-1.0000
27209858;1167223312;400.0000
27259769;1167285728;-1.0000
27279742;1167290420;400.0000
27324798;1167352936;-1.0000
27344963;1167357656;400.0000
27389886;1167420124;-1.0000
27414913;1167424808;400.0000
27459867;1167487324;-1.0000
27479781;1167492108;400.0000
27524747;1167554500;-1.0000
27544844;1167559284;400.0000
27594866;1167621676;-1.0000
27614859;1167626388;400.0000
27659787;1167688860;-1.0000
27679696;1167693612;400.0000
27724727;1167756060;-1.0000
27749949;1167760788;400.0000
27794947;1167823260;-1.0000
27814834;1167828040;400.0000
27859812;1167890456;-1.0000
27879764;1167895212;400.0000
27929744;1167957648;-1.0000
27949917;1167962592;400.0000
27999901;1168024844;-1.0000
28019905;1168029620;400.0000
28064802;1168092044;-1.0000
28084770;1168096796;400.0000
28134809;1168159248;-1.0000
28154913;1168164076;400.0000
28199801;1168226444;-1.0000
28219937;1168231176;400.0000
28269928;1168293612;-1.0000
28289971;1168298372;400.0000
28334767;1168360808;-1.0000
28354982;1168365544;400.0000
28399705;1168427988;-1.0000
28424792;1168432716;400.0000
28469906;1168495188;-1.0000
28489925;1168499948;400.0000
28534880;1168562384;-1.0000
28554953;1168567092;400.0000
28604843;1168629560;-1.0000
28624905;1168634300;400.0000
28669970;1168696736;-1.0000
28689855;1168701496;400.0000
28734864;1168763944;-1.0000
28754841;1168768732;400.0000
28794949;1168809896;202.0000
28839854;1168864656;-1.0000
28859869;1168869344;400.0000
28905035;1168931856;-1.0000
28924848;1168936544;400.0000
28969803;1168999056;-1.0000
28989968;1169003784;400.0000
29039746;1169066256;-1.0000
29059844;1169071076;400.0000
29110012;1169133448;-1.0000
29129875;1169138208;400.0000
29174810;1169200624;-1.0000
29194738;1169205408;400.0000
29239726;1169267820;-1.0000
29264947;1169272596;400.0000
29310026;1169335024;-1.0000
29329876;1169339772;400.0000
29359810;1169380964;202.0000
29404768;1169435740;-1.0000
29429773;1169440676;400.0000
29464963;1169481724;202.0000
29509877;1169536460;-1.0000
29529896;1169541196;400.0000
29574800;1169603636;-1.0000
29599829;1169608392;400.0000
29644743;1169670824;-1.0000
29664743;1169675584;400.0000
29709845;1169738028;-1.0000
29729839;1169742760;400.0000
29779780;1169805228;-1.0000
29799861;1169809940;400.0000
29844950;1169872424;-1.0000
29869908;1169877160;400.0000
29914988;1169939600;-1.0000
29934905;1169944420;400.0000
29979825;1170006768;-1.0000
29999858;1170011532;400.0000
30049875;1170073976;-1.0000
30069729;1170078820;400.0000
30114870;1170141168;-1.0000
30134810;1170145928;400.0000
30179807;1170208372;-1.0000
30204797;1170213108;400.0000
30249860;1170275548;-1.0000
30270005;1170280396;400.0000
30314895;1170342720;-1.0000
30334810;1170347436;400.0000
30384895;1170409932;-1.0000
30404873;1170414728;400.0000
30449875;1170477128;-1.0000
30469891;1170481848;400.0000
30514731;1170544320;-1.0000
30539869;1170549040;400.0000
30584803;1170611500;-1.0000
30604895;1170616252;400.0000
30649944;1170678700;-1.0000
30669829;1170683412;400.0000
30719761;1170745900;-1.0000
30739748;1170750684;400.0000
30774874;1170791820;202.0000
30819900;1170846644;-1.0000
30840051;1170851356;400.0000
30889883;1170913840;-1.0000
30909907;1170918556;400.0000
30954883;1170981048;-1.0000
30974982;1170985768;400.0000
31019842;1171048236;-1.0000
31044919;1171052928;400.0000
31089866;1171115436;-1.0000
31109885;1171120264;400.0000
31139868;1171161448;203.0000
31184853;1171216136;-1.0000
31209990;1171220844;400.0000
31254796;1171283336;-1.0000
31274913;1171288096;400.0000
31319891;1171350504;-1.0000
31339872;1171355196;400.0000
31389828;1171417724;-1.0000
31409764;1171422416;400.0000
31459845;1171484932;-1.0000
31479886;1171489632;400.0000
31524867;1171552128;-1.0000
31559812;1171585788;-1.0000
31579775;1171590524;400.0000
31624877;1171652984;-1.0000
31644796;1171658016;400.0000
31684849;1171698948;202.0000
31724895;1171753696;-1.0000
31759815;1171787360;-1.0000
31779826;1171792100;400.0000
31824871;1171854540;-1.0000
31844885;1171859272;400.0000
31894824;1171921708;-1.0000
31914975;1171926404;400.0000
31959852;1171988916;-1.0000
31979761;1171993668;400.0000
32025092;1172056116;-1.0000
32044865;1172060884;400.0000
32094864;1172123328;-1.0000
32114971;1172128044;400.0000
32159822;1172190500;-1.0000
32179764;1172195256;400.0000
32229901;1172257668;-1.0000
32249962;1172262428;400.0000
32299883;1172324868;-1.0000
32319796;1172329560;400.0000
32364755;1172392076;-1.0000
32389913;1172396752;400.0000
32434916;1172459268;-1.0000
32454909;1172463936;400.0000
32499822;1172526444;-1.0000
32519845;1172531252;400.0000
32569783;1172593636;-1.0000
32590076;1172598440;400.0000
32634909;1172660844;-1.0000
32654810;1172665556;400.0000
32699688;1172728048;-1.0000
32724793;1172732944;400.0000
32769854;1172795244;-1.0000
32799860;1172828912;-1.0000
32820009;1172833620;400.0000
32869918;1172896112;-1.0000
32889855;1172900832;400.0000
32924857;1172942076;202.0000
32969872;1172996848;-1.0000
32989996;1173001608;400.0000
33030015;1173042936;204.0000
33069891;1173097576;-1.0000
33084867;1173102268;400.0000
33134965;1173164748;-1.0000
33149860;1173169488;400.0000
33204842;1173231952;-1.0000
33219889;1173236700;400.0000
33269808;1173299144;-1.0000
33289780;1173304108;400.0000
33340143;1173366364;-1.0000
33360085;1173371100;400.0000
33404760;1173433536;-1.0000
33424981;1173438268;400.0000
33469838;1173500708;-1.0000
33489980;1173505468;400.0000
33539775;1173567912;-1.0000
33559878;1173572688;400.0000
33604839;1173635100;-1.0000
33624826;1173639844;400.0000
33674917;1173702292;-1.0000
33694821;1173707028;400.0000
33739811;1173769464;-1.0000
33759869;1173774240;400.0000
33809877;1173836656;-1.0000
33829885;1173841348;400.0000
33879845;1173903852;-1.0000
33899908;1173908612;400.0000
33930058;1173949864;203.0000
33979771;1174004596;-1.0000
33994887;1174009336;400.0000
34044759;1174071796;-1.0000
34064958;1174076512;400.0000
34110013;1174139004;-1.0000
34134949;1174143700;400.0000
34179812;1174206196;-1.0000
34199770;1174211024;400.0000
34244747;1174273396;-1.0000
34264903;1174278184;400.0000
34314959;1174340568;-1.0000
34334929;1174345308;400.0000
34379819;1174407772;-1.0000
34399748;1174412736;400.0000
34444747;1174474976;-1.0000
34464749;1174479792;400.0000
34514967;1174542168;-1.0000
34534866;1174546864;400.0000
34569946;1174588096;202.0000
34614879;1174642908;-1.0000
34639895;1174647640;400.0000
34684817;1174710096;-1.0000
34704857;1174714800;400.0000
34749870;1174777292;-1.0000
34769821;1174782076;400.0000
34819914;1174844468;-1.0000
34839907;1174849312;400.0000
34884735;1174911636;-1.0000
34905024;1174916328;400.0000
34954807;1174978832;-1.0000
34974832;1174983540;400.0000
35019811;1175046036;-1.0000
35039865;1175050788;400.0000
35089846;1175113232;-1.0000
35109801;1175118128;400.0000
35154957;1175180432;-1.0000
35174933;1175185208;400.0000
35219856;1175247624;-1.0000
35244907;1175252404;400.0000
35289869;1175314820;-1.0000
35309858;1175319604;400.0000
35354860;1175382028;-1.0000
35374797;1175386840;400.0000
35424969;1175449216;-1.0000
35444831;1175454000;400.0000
35489769;1175516412;-1.0000
35509813;1175521124;400.0000
35554720;1175583608;-1.0000
35579843;1175588412;400.0000
35614835;1175629668;204.0000
35644728;1175667488;278.0000
35689880;1175717900;-1.0000
35709999;1175722604;400.0000
35761164;1175785096;-1.0000
35779777;1175789780;400.0000
35824890;1175852292;-1.0000
35844906;1175857144;400.0000
35894915;1175919472;-1.0000
35915073;1175924280;400.0000
35960127;1175986648;-1.0000
35979690;1175991340;400.0000
36024859;1176053844;-1.0000
36049838;1176058528;400.0000
36094864;1176121044;-1.0000
36114992;1176125864;400.0000
36159943;1176188240;-1.0000
36179804;1176192940;400.0000
36229774;1176255444;-1.0000
36249813;1176260272;400.0000
36294868;1176322640;-1.0000
36314979;1176327468;400.0000
36349842;1176368652;203.0000
36384851;1176402684;212.0000
36419872;1176435560;200.0000
36464902;1176490436;-1.0000
36484859;1176495216;400.0000
36529881;1176557608;-1.0000
36554893;1176562340;400.0000
36589782;1176602852;190.0000
36619698;1176636172;186.0000
36654781;1176669680;185.0000
36694892;1176725408;-1.0000
36714909;1176730168;400.0000
36764807;1176792608;-1.0000
36784870;1176797320;400.0000
36829849;1176859808;-1.0000
36849837;1176864560;400.0000
36899873;1176927008;-1.0000
36919992;1176931780;400.0000
36954966;1176970788;165.0000
36990003;1177004252;164.0000
37034886;1177061252;-1.0000
37049898;1177065992;400.0000
37089777;1177103836;144.0000
37124889;1177136972;137.0000
37164765;1177195480;-1.0000
37179701;1177200448;400.0000
37224908;1177237556;135.0000
37259872;1177270796;130.0000
37299804;1177329748;-1.0000
37314822;1177334484;400.0000
37369860;1177396948;-1.0000
37384980;1177401684;400.0000
37434937;1177464148;-1.0000
37454900;1177469000;400.0000
37499866;1177531340;-1.0000
37520244;1177536144;400.0000
37559775;1177572812;125.0000
37594912;1177615256;279.0000
37624854;1177638596;103.0000
37659859;1177671896;99.0000
37694818;1177705252;96.0000
37729815;1177738772;95.0000
37759898;1177772324;95.0000
37804897;1177833220;-1.0000
37824967;1177838048;400.0000
37864795;1177881588;244.0000
37909882;1177933948;-1.0000
37929807;1177938696;400.0000
37974776;1178001140;-1.0000
37994862;1178006016;400.0000
38019757;1178039932;78.0000
38059871;1178073432;78.0000
38089794;1178106764;75.0000
38125026;1178140176;72.0000
38154998;1178173612;71.0000
38189967;1178207048;69.0000
38224825;1178240432;67.0000
38254803;1178273940;66.0000
38294872;1178307340;64.0000
38324915;1178340748;62.0000
38359943;1178374236;61.0000
38389799;1178407704;59.0000
38424809;1178441260;58.0000
38454790;1178474556;57.0000
38489863;1178508080;55.0000
38514947;1178541416;53.0000
38549877;1178574844;52.0000
38579789;1178608284;50.0000
38619825;1178641720;48.0000
38654798;1178675176;47.0000
38684859;1178708604;45.0000
38719929;1178742044;44.0000
38749875;1178775512;42.0000
38784770;1178808952;41.0000
38819884;1178842380;40.0000
38854788;1178875848;39.0000
38884871;1178909332;38.0000
38919918;1178942812;37.0000
38949863;1178976272;35.0000
38989962;1179009720;34.0000
39019833;1179043180;33.0000
39054881;1179076656;31.0000
39084808;1179110088;30.0000
39119878;1179143564;29.0000
39149873;1179177048;28.0000
39189933;1179210540;27.0000
39219765;1179244004;26.0000
39254766;1179277456;25.0000
39284861;1179310956;24.0000
39324935;1179344452;24.0000
39354892;1179377936;23.0000
39389965;1179411428;22.0000
39419867;1179444936;22.0000
39454870;1179478432;21.0000
39484748;1179511940;21.0000
39524884;1179545432;20.0000
39554892;1179578960;20.0000
39589956;1179612460;20.0000
39619920;1179645976;19.0000
39659784;1179679468;19.0000
39689860;1179713000;18.0000
39724813;1179746520;18.0000
39754780;1179780044;18.0000
39789830;1179813568;18.0000
39824880;1179847120;17.0000
39859807;1179880640;17.0000
39889783;1179914164;17.0000
39924801;1179947688;16.0000
39959978;1179981240;16.0000
39995006;1180014764;16.0000
40024950;1180048284;16.0000
40059872;1180081812;15.0000
40084721;1180115180;15.0000
40119895;1180148692;15.0000
40154874;1180182200;14.0000
40189909;1180215720;14.0000
40219826;1180249252;14.0000
40254886;1180282732;14.0000
40289817;1180316236;13.0000
40324846;1180349760;13.0000
40354900;1180383268;12.0000
40384803;1180416780;13.0000
40424891;1180450288;12.0000
40459857;1180483784;12.0000
40489794;1180517332;12.0000
40524738;1180550828;12.0000
40554770;1180584360;11.0000
40594946;1180617888;11.0000
40624877;1180651388;11.0000
40659869;1180684916;11.0000
40689860;1180718460;11.0000
40724875;1180751992;11.0000
40754849;1180785504;10.0000
40794807;1180819032;10.0000
40824992;1180852576;11.0000
40859873;1180886084;11.0000
40889836;1180919644;11.0000
40929807;1180953172;11.0000
40959882;1180986696;11.0000
40994836;1181020224;11.0000
41024803;1181053748;11.0000
41059801;1181087252;10.0000
41094927;1181120772;10.0000
41129917;1181154296;10.0000
41159894;1181187816;10.0000
41194817;1181221344;10.0000
41224813;1181254900;10.0000
41264918;1181288436;10.0000
41294872;1181321968;10.0000
41329946;1181355488;10.0000
41360208;1181388992;10.0000
41394733;1181422552;10.0000
41429786;1181456060;10.0000
41459801;1181489600;10.0000
41494822;1181523136;10.0000
41529903;1181556656;10.0000
41564890;1181590184;10.0000
41594892;1181623680;10.0000
41629757;1181657220;10.0000
41659786;1181690756;10.0000
41699911;1181724284;10.0000
41729871;1181757804;10.0000
41764911;1181791356;9.0000
41794868;1181824880;9.0000
41829903;1181858424;10.0000
41864869;1181891932;9.0000
41899936;1181925476;9.0000
41929869;1181959000;9.0000
41964852;1181992520;9.0000
41994841;1182026028;9.0000
42034937;1182059568;8.0000
42064835;1182093092;9.0000
42099917;1182126588;8.0000
42135004;1182160120;8.0000
42165061;1182193656;8.0000
42199887;1182227164;8.0000
42229928;1182260660;8.0000
42264774;1182294212;8.0000
42299874;1182327704;7.0000
42334863;1182361256;7.0000
42369791;1182394800;8.0000
42399852;1182428304;7.0000
42429803;1182461852;7.0000
42469805;1182495352;7.0000
42499833;1182528884;7.0000
42534786;1182562380;7.0000
42569860;1182595928;7.0000
42604870;1182629448;6.0000
42634980;1182663008;7.0000
42669774;1182696508;6.0000
42699757;1182730012;6.0000
42739894;1182763552;6.0000
42769744;1182797104;6.0000
42804790;1182830624;6.0000
42834951;1182864104;5.0000
42869784;1182897692;6.0000
42904929;1182931176;5.0000
42939864;1182964720;5.0000
42969734;1182998224;5.0000
43004858;1183031744;5.0000
43039873;1183065296;5.0000
43075006;1183098812;5.0000
43104891;1183132364;5.0000
43139921;1183165892;5.0000
43169932;1183199436;5.0000
43204875;1183232936;5.0000
43240003;1183266456;5.0000
43269874;1183300008;5.0000
43304918;1183333552;5.0000
43339882;1183367052;5.0000
43374901;1183400616;6.0000
43404917;1183434124;5.0000
43439960;1183467644;5.0000
43474908;1183501188;6.0000
43510002;1183534708;5.0000
43539919;1183568240;5.0000
43574848;1183601760;5.0000
43604799;1183635304;5.0000
43644860;1183668844;5.0000
43674889;1183702364;5.0000
43709814;1183735892;5.0000
43739795;1183769408;5.0000
43774843;1183802936;5.0000
43809822;1183836480;5.0000
43844882;1183870032;5.0000
43874844;1183903568;6.0000
43909854;1183937076;5.0000
43944902;1183970668;6.0000
43979826;1184004176;6.0000
44009830;1184037712;6.0000
44044851;1184071288;6.0000
44074793;1184104828;7.0000
44114925;1184138364;7.0000
44144903;1184171932;8.0000
44179861;1184205456;7.0000
44209856;1184238984;8.0000
44244750;1184272548;8.0000
44279782;1184306072;8.0000
44315062;1184339612;9.0000
44344846;1184373188;9.0000
44379825;1184406712;9.0000
44409823;1184440256;9.0000
44449870;1184473856;10.0000
44479755;1184507376;10.0000
44514962;1184540908;10.0000
44544831;1184574472;11.0000
44579750;1184608064;12.0000
44614838;1184641588;12.0000
44649895;1184675148;12.0000
44679717;1184708760;13.0000
44714853;1184742304;14.0000
44744853;1184775896;14.0000
44779761;1184809440;15.0000
44819924;1184842976;15.0000
44854885;1184876680;16.0000
44889844;1184910208;16.0000
44919942;1184943728;17.0000
44959886;1184977280;17.0000
44989851;1185010800;18.0000
45019935;1185044320;18.0000
45054751;1185077920;19.0000
45084911;1185111484;20.0000
45124893;1185145060;20.0000
45154868;1185178620;21.0000
45189723;1185212196;21.0000
45219887;1185245760;22.0000
45259882;1185279312;23.0000
45289872;1185312888;23.0000
45324892;1185346448;24.0000
45354905;1185380024;25.0000
45394858;1185413592;26.0000
45424805;1185447168;26.0000
45459757;1185480756;27.0000
45489869;1185514332;28.0000
45524886;1185547908;29.0000
45560871;1185581500;30.0000
45594970;1185615072;31.0000
45624770;1185648676;31.0000
45659880;1185682268;32.0000
45689852;1185715840;33.0000
45729783;1185749408;34.0000
45759870;1185782984;35.0000
45794877;1185816572;36.0000
45824764;1185850124;36.0000
45859745;1185883688;37.0000
45894862;1185917264;37.0000
45930010;1185950808;38.0000
45959904;1185984352;38.0000
45994961;1186017956;39.0000
46024938;1186051520;40.0000
46060698;1186085072;40.0000
46094837;1186118632;41.0000
46124898;1186152208;41.0000
46159774;1186185752;42.0000
46194911;1186219348;43.0000
46229937;1186252904;43.0000
46259886;1186286484;44.0000
46294822;1186320060;44.0000
46329860;1186353604;45.0000
46364893;1186387156;45.0000
46394897;1186420716;46.0000
46429925;1186454312;47.0000
46459827;1186487864;47.0000
46499737;1186521432;48.0000
46529854;1186555028;49.0000
46564724;1186588592;50.0000
46595011;1186622212;51.0000
46629897;1186655764;52.0000
46664860;1186689276;51.0000
46699884;1186722888;52.0000
46729822;1186756388;52.0000
46764768;1186789980;53.0000
46794898;1186823572;54.0000
46835042;1186857080;54.0000
46869863;1186890804;55.0000
46904970;1186924332;57.0000
46934820;1186957860;58.0000
46974923;1186991384;57.0000
47004867;1187024936;58.0000
47044961;1187058660;59.0000
47074772;1187092196;59.0000
47109804;1187125668;60.0000
47144846;1187159244;61.0000
47179748;1187192804;62.0000
47209861;1187226404;63.0000
47244980;1187259960;63.0000
47274766;1187293524;64.0000
47314908;1187327144;65.0000
47344871;1187360680;65.0000
47379751;1187394212;65.0000
47414930;1187427760;65.0000
47444962;1187461360;66.0000
47479888;1187494880;66.0000
47514990;1187528380;66.0000
47544887;1187561932;66.0000
47574790;1187595456;66.0000
47604844;1187629024;67.0000
47644937;1187662556;67.0000
47679795;1187696104;67.0000
47714948;1187729624;67.0000
47744853;1187763224;68.0000
47784995;1187796716;68.0000
47814853;1187830244;68.0000
47849985;1187863788;68.0000
47879784;1187897332;68.0000
47914945;1187930884;68.0000
47949995;1187964384;68.0000
47984824;1187997912;68.0000
48014715;1188031428;67.0000
48054917;1188064956;68.0000
48084766;1188098432;66.0000
48114970;1188131940;66.0000
48149892;1188165408;65.0000
48184865;1188198888;64.0000
48219856;1188232388;64.0000
48249834;1188265896;63.0000
48284862;1188299416;63.0000
48314767;1188332860;61.0000
48354845;1188366380;61.0000
48384888;1188399928;59.0000
48419970;1188433404;59.0000
48449851;1188466960;59.0000
48484866;1188500332;58.0000
48514889;1188533892;57.0000
48550040;1188567320;57.0000
48579842;1188600872;55.0000
48614887;1188634432;55.0000
48650053;1188667928;54.0000
48674827;1188701212;53.0000
48709804;1188734680;52.0000
48739891;1188768212;51.0000
48779812;1188801684;50.0000
48809854;1188835160;49.0000
48844948;1188868636;48.0000
48874798;1188902144;48.0000
48909726;1188935636;47.0000
48950047;1188969076;45.0000
48979772;1189002572;45.0000
49009852;1189036028;44.0000
49044925;1189069548;44.0000
49074806;1189103012;42.0000
49114699;1189136488;42.0000
49150002;1189169968;41.0000
49179730;1189203464;40.0000
49214844;1189236948;39.0000
49249881;1189270440;39.0000
49279951;1189303968;38.0000
49314911;1189337472;38.0000
49349992;1189370956;37.0000
49379760;1189404424;36.0000
49419914;1189437932;35.0000
49450010;1189471428;35.0000
49484752;1189504904;34.0000
49514787;1189538384;33.0000
49544823;1189571868;32.0000
49579743;1189605360;32.0000
49619932;1189638844;31.0000
49649940;1189672352;30.0000
49684754;1189705860;30.0000
49714892;1189739328;29.0000
49754715;1189772836;29.0000
49784949;1189806312;28.0000
49819836;1189839836;28.0000
49849870;1189873336;27.0000
49884776;1189906848;27.0000
49914965;1189940352;26.0000
49954825;1189973856;26.0000
49984808;1190007352;25.0000
50019984;1190040860;25.0000
50049860;1190074328;24.0000
50089812;1190107832;24.0000
50120039;1190141312;23.0000
50154926;1190174820;23.0000
50184745;1190208332;22.0000
50219838;1190241844;22.0000
50254727;1190275320;21.0000
50289908;1190308840;21.0000
50319949;1190342336;20.0000
50354941;1190375844;20.0000
50384754;1190409320;19.0000
50425019;1190442844;19.0000
50454902;1190476340;18.0000
50489739;1190509896;18.0000
50519889;1190543416;18.0000
50554895;1190576940;17.0000
50589913;1190610464;17.0000
50624880;1190644016;16.0000
50649812;1190677400;16.0000
50689767;1190711068;16.0000
50714764;1190744404;15.0000
50754932;1190777936;15.0000
50784763;1190811428;14.0000
50820003;1190844932;14.0000
50850057;1190878416;14.0000
50884854;1190911940;13.0000
50919999;1190945440;13.0000
50954932;1190978948;12.0000
50984760;1191012468;12.0000
51019807;1191045988;12.0000
51049814;1191079488;11.0000
51089857;1191113016;11.0000
51120413;1191146516;10.0000
51155001;1191180064;11.0000
51184811;1191213540;10.0000
51219825;1191247068;10.0000
51254894;1191280628;10.0000
51289728;1191314136;10.0000
51319751;1191347636;9.0000
51354928;1191381160;9.0000
51389844;1191414696;10.0000
51424837;1191448196;9.0000
51455044;1191481716;9.0000
51489826;1191515224;9.0000
51521407;1191548780;9.0000
51559902;1191582288;9.0000
51589868;1191615820;9.0000
51624975;1191649340;9.0000
51654994;1191682872;8.0000
51689808;1191716416;9.0000
51720363;1191749948;9.0000
51759770;1191783488;9.0000
51789853;1191817012;9.0000
51824944;1191850532;9.0000
51859891;1191884036;8.0000
51889873;1191917584;9.0000
51924725;1191951108;9.0000
51954837;1191984628;9.0000
51989887;1192018156;9.0000
52019757;1192051692;9.0000
52059874;1192085244;9.0000
52094793;1192118764;9.0000
52124762;1192152296;9.0000
52160339;1192185896;10.0000
52189890;1192219456;10.0000
52229947;1192252984;10.0000
52259875;1192286504;10.0000
52294868;1192320080;11.0000
52324740;1192353616;11.0000
52364873;1192387216;12.0000
52394919;1192420756;12.0000
52424866;1192454308;13.0000
52464890;1192487880;13.0000
52494901;1192521460;14.0000
52529857;1192555036;15.0000
52564897;1192588744;15.0000
52600641;1192622296;16.0000
52635002;1192655828;17.0000
52669850;1192689356;18.0000
52699919;1192722932;19.0000
52734916;1192756520;20.0000
52769882;1192790120;21.0000
52799928;1192823676;22.0000
52834949;1192857256;23.0000
52864858;1192890852;24.0000
52899878;1192924420;25.0000
52939955;1192958020;26.0000
52969853;1192991644;28.0000
52999890;1193025232;28.0000
53034830;1193058832;30.0000
53064783;1193092420;31.0000
53104952;1193126040;32.0000
53140001;1193159624;34.0000
53169884;1193193220;35.0000
53199991;1193226864;36.0000
53239868;1193260476;38.0000
53269866;1193294120;39.0000
53304896;1193327732;41.0000
53339873;1193361344;42.0000
53374895;1193394964;44.0000
53404928;1193428556;45.0000
53439911;1193462152;46.0000
53469883;1193495796;48.0000
53509773;1193529408;49.0000
53539882;1193563084;52.0000
53574902;1193596696;53.0000
53609886;1193630476;55.0000
53644805;1193663972;56.0000
53684841;1193697728;59.0000
53719923;1193731280;60.0000
53749978;1193764828;61.0000
53784831;1193798508;64.0000
53819953;1193832216;67.0000
53854935;1193865840;68.0000
53889797;1193901392;104.0000
53924792;1193935012;105.0000
53954843;1193975272;221.0000
53984768;1194000484;78.0000
54019904;1194033944;77.0000
54054912;1194067860;83.0000
54084892;1194101432;83.0000
54120032;1194135164;87.0000
54155010;1194168788;89.0000
54184909;1194202420;91.0000
54219911;1194236124;94.0000
54249969;1194269532;92.0000
54294796;1194305080;126.0000
54324783;1194336936;94.0000
54359908;1194370456;97.0000
54389802;1194405908;130.0000
54429777;1194437756;101.0000
54459792;1194471520;105.0000
54494870;1194506896;137.0000
54524770;1194538868;110.0000
54564896;1194572416;110.0000
54594875;1194606220;115.0000
54629725;1194639692;114.0000
54659694;1194673688;122.0000
54694870;1194707060;119.0000
54724870;1194740796;122.0000
54764867;1194774452;125.0000
54794849;1194808252;130.0000
54829972;1194842056;135.0000
54859814;1194875860;139.0000
54894921;1194909612;143.0000
54929927;1194943208;144.0000
54964887;1194976944;147.0000
54994910;1195010860;154.0000
55029872;1195044800;161.0000
55059749;1195078600;166.0000
55099853;1195112176;166.0000
55129805;1195145956;171.0000
55164919;1195179872;178.0000
55194887;1195214784;201.0000
55235049;1195247516;188.0000
55264879;1195281184;190.0000
55299838;1195314848;193.0000
55334830;1195348856;201.0000
55364907;1195382332;199.0000
55399802;1195416620;213.0000
55444860;1195470768;-1.0000
55464866;1195475664;400.0000
55514896;1195537976;-1.0000
55534930;1195542724;400.0000
55579815;1195605172;-1.0000
55609880;1195638816;-1.0000
55629893;1195643652;400.0000
55679937;1195706016;-1.0000
55699760;1195710844;400.0000
55744868;1195773216;-1.0000
55764792;1195778072;400.0000
55814883;1195840412;-1.0000
55835017;1195845196;400.0000
55879873;1195907588;-1.0000
55899887;1195912348;400.0000
55944885;1195974792;-1.0000
55969802;1195979584;400.0000
56014896;1196041984;-1.0000
56035014;1196046692;400.0000
56079859;1196109184;-1.0000
56099935;1196114036;400.0000
56149915;1196176352;-1.0000
56169886;1196181132;400.0000
56214846;1196243552;-1.0000
56234950;1196248220;400.0000
56279753;1196310748;-1.0000
56304963;1196315548;400.0000
56350006;1196377948;-1.0000
56364895;1196382660;400.0000
56414851;1196445144;-1.0000
56434897;1196449952;400.0000
56485019;1196512320;-1.0000
56504829;1196517028;400.0000
56549909;1196579516;-1.0000
56569840;1196584228;400.0000
56619834;1196646712;-1.0000
56639878;1196651396;400.0000
56684904;1196713900;-1.0000
56705041;1196718604;400.0000
56749994;1196781100;-1.0000
56774895;1196785836;400.0000
56824740;1196848296;-1.0000
56844827;1196853028;400.0000
56889690;1196915464;-1.0000
56909902;1196920224;400.0000
56959871;1196982660;-1.0000
56979899;1196987604;400.0000
57024722;1197049868;-1.0000
57044917;1197054656;400.0000
57089808;1197117060;-1.0000
57114868;1197121796;400.0000
57159802;1197184256;-1.0000
57179789;1197189080;400.0000
57224962;1197251428;-1.0000
57244871;1197256324;400.0000
57294836;1197318604;-1.0000
57314872;1197323316;400.0000
57359854;1197385808;-1.0000
57384810;1197390668;400.0000
57429949;1197453000;-1.0000
57449957;1197457784;400.0000
57494893;1197520200;-1.0000
57514862;1197525004;400.0000
57564784;1197587368;-1.0000
57584773;1197592128;400.0000
57629865;1197654544;-1.0000
57659933;1197688200;-1.0000
57679826;1197692960;400.0000
57729765;1197755368;-1.0000
57749970;1197760128;400.0000
57794825;1197822544;-1.0000
57814803;1197827352;400.0000
57864920;1197889744;-1.0000
57884845;1197894452;400.0000
57929872;1197956940;-1.0000
57949882;1197961840;400.0000
57994849;1198024144;-1.0000
58014811;1198028860;400.0000
58064883;1198091316;-1.0000
58084838;1198096028;400.0000
58129781;1198158492;-1.0000
58149797;1198163164;400.0000
58199764;1198225692;-1.0000
58219822;1198230448;400.0000
58264781;1198292896;-1.0000
58284790;1198297624;400.0000
58329839;1198360096;-1.0000
58349824;1198364856;400.0000
58399920;1198427296;-1.0000
58414935;1198432008;400.0000
58464911;1198494464;-1.0000
58484866;1198499224;400.0000
58534872;1198561660;-1.0000
58554842;1198566368;400.0000
58599889;1198628860;-1.0000
58619837;1198633632;400.0000
58669909;1198696044;-1.0000
58689903;1198700780;400.0000
58735009;1198763240;-1.0000
58754864;1198768040;400.0000
58799779;1198830412;-1.0000
58840229;1198864080;-1.0000
58869801;1198897740;-1.0000
58889806;1198902520;400.0000
58934793;1198964924;-1.0000
58954940;1198969648;400.0000
59004749;1199032140;-1.0000
59024753;1199036904;400.0000
59069881;1199099316;-1.0000
59089854;1199104076;400.0000
59144875;1199166492;-1.0000
59164884;1199171200;400.0000
59209893;1199233680;-1.0000
59229729;1199238464;400.0000
59274751;1199300888;-1.0000
59294817;1199305588;400.0000
59344922;1199368080;-1.0000
59364925;1199372932;400.0000
59409796;1199435276;-1.0000
59439840;1199468944;-1.0000
59459779;1199474000;400.0000
59509845;1199536144;-1.0000
59529824;1199540900;400.0000
59574900;1199603336;-1.0000
59594815;1199608280;400.0000
59644784;1199670520;-1.0000
59664779;1199675228;400.0000
59709711;1199737716;-1.0000
59729945;1199742472;400.0000
59774854;1199804920;-1.0000
59795793;1199809648;400.0000
59844866;1199872120;-1.0000
59864922;1199877036;400.0000
59909878;1199939312;-1.0000
59929933;1199944004;400.0000
59969726;1199985300;203.0000
60014891;1200040016;-1.0000
60034993;1200044816;400.0000
60080341;1200107208;-1.0000
60099817;1200111924;400.0000
60149801;1200174384;-1.0000
60169762;1200179280;400.0000
60214850;1200241576;-1.0000
60234993;1200246292;400.0000
60269883;1200287588;203.0000
60314765;1200342304;-1.0000
60334793;1200347032;400.0000
60369761;1200388244;202.0000
60414872;1200443024;-1.0000
60434884;1200447784;400.0000
60484884;1200510200;-1.0000
60504868;1200514976;400.0000
60549912;1200577372;-1.0000
60569770;1200582040;400.0000
60614758;1200644548;-1.0000
60639898;1200649308;400.0000
60684867;1200711732;-1.0000
60704961;1200716460;400.0000
60749800;1200778932;-1.0000
60769760;1200783708;400.0000
60819844;1200846132;-1.0000
60839889;1200850840;400.0000
60884846;1200913300;-1.0000
60904778;1200918012;400.0000
60949724;1200980496;-1.0000
60974821;1200985140;400.0000
61019723;1201047692;-1.0000
61039701;1201052492;400.0000
61074781;1201093660;202.0000
61119855;1201148416;-1.0000
61144909;1201153204;400.0000
61189813;1201215596;-1.0000
61209767;1201220464;400.0000
61254797;1201282796;-1.0000
61289785;1201316452;-1.0000
61314978;1201321124;400.0000
61344859;1201362376;202.0000
61389807;1201417156;-1.0000
61409779;1201421868;400.0000
61459818;1201484352;-1.0000
61479753;1201489136;400.0000
61524778;1201551524;-1.0000
61545058;1201556280;400.0000
61589872;1201618748;-1.0000
61609692;1201623476;400.0000
61659869;1201685932;-1.0000
61679723;1201690636;400.0000
61724791;1201753128;-1.0000
61744867;1201757860;400.0000
61794822;1201820304;-1.0000
61814731;1201825020;400.0000
61859769;1201887480;-1.0000
61879752;1201892280;400.0000
61929921;1201954672;-1.0000
61950005;1201959384;400.0000
61994812;1202021876;-1.0000
62014774;1202026652;400.0000
62064874;1202089056;-1.0000
62084746;1202093788;400.0000
62129802;1202156248;-1.0000
62150071;1202161028;400.0000
62194889;1202223444;-1.0000
62214715;1202228340;400.0000
62264803;1202290640;-1.0000
62284842;1202295352;400.0000
62329831;1202357844;-1.0000
62349984;1202362572;400.0000
62394859;1202425044;-1.0000
62419763;1202429752;400.0000
62464860;1202492232;-1.0000
62484772;1202496972;400.0000
62529812;1202559408;-1.0000
62564876;1202593076;-1.0000
62589799;1202597832;400.0000
62634862;1202660268;-1.0000
62654962;1202664992;400.0000
62699811;1202727452;-1.0000
62724813;1202732120;400.0000
62769849;1202794648;-1.0000
62789968;1202799380;400.0000
62835064;1202861848;-1.0000
62854901;1202866552;400.0000
62899780;1202929044;-1.0000
62924748;1202933924;400.0000
62969886;1202996244;-1.0000
62984716;1203000936;400.0000
63034798;1203063440;-1.0000
63054865;1203068132;400.0000
63104816;1203130636;-1.0000
63124693;1203135532;400.0000
63169926;1203197836;-1.0000
63189764;1203202588;400.0000
63234932;1203265040;-1.0000
63259878;1203269844;400.0000
63304857;1203332236;-1.0000
63324719;1203336924;400.0000
63369731;1203399408;-1.0000
63389804;1203404256;400.0000
63439861;1203466604;-1.0000
63459991;1203471312;400.0000
63504948;1203533808;-1.0000
63524839;1203538556;400.0000
63574846;1203601004;-1.0000
63599993;1203605808;400.0000
63644901;1203668216;-1.0000
63664815;1203672924;400.0000
63694813;1203714180;203.0000
63739804;1203768940;-1.0000
63759734;1203773644;400.0000
63809778;1203836136;-1.0000
63829905;1203840824;400.0000
63874932;1203903308;-1.0000
63894938;1203908024;400.0000
63934872;1203949276;202.0000
63980046;1204004036;-1.0000
63999740;1204008768;400.0000
64044873;1204071232;-1.0000
64064915;1204076128;400.0000
64114949;1204138428;-1.0000
64134884;1204143140;400.0000
64179774;1204205624;-1.0000
64199843;1204210400;400.0000
64244814;1204272824;-1.0000
64264819;1204277788;400.0000
64314766;1204340024;-1.0000
64334912;1204344780;400.0000
64379811;1204407240;-1.0000
64399791;1204412004;400.0000
64444899;1204474464;-1.0000
64469896;1204479132;400.0000
64514808;1204541660;-1.0000
64534764;1204546436;400.0000
64579913;1204608860;-1.0000
64599831;1204613756;400.0000
64649821;1204676044;-1.0000
64669905;1204680760;400.0000
64714998;1204743240;-1.0000
64734897;1204747996;400.0000
64784900;1204810456;-1.0000
64819806;1204844128;-1.0000
64834815;1204848844;400.0000
64884807;1204911304;-1.0000
64899802;1204916108;400.0000
